,img_src,title,link,id,developer_link,developer_name,description,price_inapp,category,num_downloads,num_downloads_approx,published,published_timestamp,pegi,filesize,os,software,price,rating
0,https://lh3.googleusercontent.com/UEqi7s9KV5iXg9xUtOVOOiEU3uV64bC5kPxFkeFoucf90WrAnnvPjPwhNGRvjzLgpbzW,Food Games 3D,https://play.google.com/store/apps/details?id=com.game.jam.food.games.best&hl=nl&gl=nl,com.game.jam.food.games.best,https://play.google.com/store/apps/dev?id=7607779422266139562,Gamejam,"Chop! Drop! and DROOL! Ready to COOK?! Hope you&#39;re hungry! GO make some FOOD! I&#39;m starving! We got those sweet savory games waiting for you to EAT! Devour and CHOMP your way through these DELICIOUS games! Got room for dessert? Play now!  Eat now? Chow down!<br>Play now and see if you&#39;re a better chef than your friends!<br>Food Games 3D is a delicious healthy addictive food and cooking game with 0 calories! In fact, playing this game makes you burn calories with all sorts of fun for working out your inner chef! Bring out the flavor and get that brain of yours ready for some FUN FOOD! DOWNLOAD NOW!<br><br>Featuring:<br>-Imaginative game play!<br>-Ducks!<br>-FOOD!<br>-Cooking!<br>-Donuts!<br>-Food Puzzles!<br>-Chopping!<br>-Ice Cream!<br>-5 Star meals!<br>-MORE FOOD!","‚Ç¨¬†4,49 per item",GAME_CASUAL,2170683,1000000,Tue Sep 15 17:44:10 2020,1600175650,PEGI 3,43M,4.4 en hoger,1.2.4,0 USD,3.994261
1,https://lh3.googleusercontent.com/q0Mfxwp7w71Mk_WJBe6I13i0HMEJXGBnEL5wiZrML3SL4W89A1hgLJld0y-WaMVfFA,The Cook - 3D Cooking Game,https://play.google.com/store/apps/details?id=com.pd.thecook&hl=nl&gl=nl,com.pd.thecook,https://play.google.com/store/apps/developer?id=SayGames,SayGames,"Start your cooking adventure today!<br><br>Imagine you have a food truck of your own, what would you do?<br><br>- Travel across the world!<br>- Discover new recipes!<br>- Make dishes you never heard of before!<br>- Get your every single customer happy!<br><br>And of course, have lots of fun!","‚Ç¨¬†1,09 - ‚Ç¨¬†7,49 per item",GAME_CASUAL,23717651,10000000,Sat Aug  8 08:43:43 2020,1596860023,PEGI 12,91M,4.4 en hoger,1.1.14,0 USD,4.173371
2,https://lh3.googleusercontent.com/KWKBt1lx71CY1daBmVyhTwvTEaD1jU7SaR-CwRIZYz7cOILPCUvkrv8YFRvWouQQNg,Coffee Shop 3D,https://play.google.com/store/apps/details?id=com.playgendary.coffeeshop3d&hl=nl&gl=nl,com.playgendary.coffeeshop3d,https://play.google.com/store/apps/dev?id=4614678246860437532,Playgendary Limited,"What about a cup of aromatic coffee? <br><br>This game shows you the crazy barista&#39;s routine using cool animations, graphics, and sounds. Design your own cup of coffee.<br><br>Make as many cups of coffee as you can in the shortest period of time, or challenge yourself by serving series of perfect cups with no chance for a mistake.","‚Ç¨¬†8,99 per item",GAME_ARCADE,8717373,5000000,Thu Jun  4 21:14:33 2020,1591289073,PEGI 3,74M,5.0 en hoger,1.7.1,0 USD,4.228253
3,https://lh3.googleusercontent.com/VXf7-9vBHiknMymgQCCHnvD2riaqGNRhFzsMEIH4yTgiEYKW4g7twui6V6yVYgq8ji8,Blend It 3D,https://play.google.com/store/apps/details?id=com.blendergame.smash&hl=nl&gl=nl,com.blendergame.smash,https://play.google.com/store/apps/developer?id=SayGames,SayGames,It&#39;s time for refreshments! Take a minute and blend fresh fruit into delicious smoothies.<br>Be careful and try not to hurt yourself. Don&#39;t try this at home! Juice it!<br><br>WARNING: DO NOT TRY THIS IN REAL LIFE,"‚Ç¨¬†3,29 per item",GAME_CASUAL,42245845,10000000,Wed Jun 17 16:10:02 2020,1592394002,PEGI 12,51M,4.4 en hoger,1.3.2,0 USD,4.1679983
4,https://lh3.googleusercontent.com/Opyyi6__tq-7ZSEjenqtyENdpnpl8HI5qh-fU4FkUkpfnsOVBbUO1d-C6ikyDC2QZEE,Bake it,https://play.google.com/store/apps/details?id=com.kwalee.bakeit&hl=nl&gl=nl,com.kwalee.bakeit,https://play.google.com/store/apps/dev?id=5095490389686529219,Kwalee Ltd,"Bake it is een leuk en verslavend spel waarin je je baksel moet laten overeenkomen met de bestelling.<br><br>Het is tijd om je bakkunst te perfectioneren en je klanten te verbazen met fantastische vaardigheden! Gebruik je mengsel en toppings om een meesterwerk te maken dat overeenkomt met wat de klant wenst.<br><br>Kun jij het perfecte baksel maken?<br><br>Eigenschappen van Bake it:<br>- Eenvoudige en leuke gameplay<br>- Steeds uitdagendere baksels<br>- Kleurrijke beelden<br><br>ABONNEER OP BAKE IT<br> <br>Abonneer op Bake It voor de volgende voordelen:<br><br>Snij je baksels<br>Exclusieve bladen<br>Krijg x2 verdiensten<br>Geen advertenties, verplichte advertenties worden verwijderd uit het spel<br><br><br>INFORMATIE OVER ABONNEMENTEN:<br> <br>Een VIP-abonnement op Bake It biedt twee abonnementsopties:<br><br>1) Een wekelijks abonnement voor $ 5,49 per week na een GRATIS proefperiode van 3 dagen.<br><br>2) Een maandelijks abonnement voor $ 14,49 per maand.<br><br>Na aankoop van dit abonnement, ontgrendel je het volgende: snij je baksels na het bakken zodat de bovenkant gelijk is, exclusieve bladen om je producten op te bakken, x2 verdiensten voor je in-game valuta en geen advertenties, want verplichte advertenties worden verwijderd uit het spel. Dit abonnement wordt automatisch verlengd. De betaling wordt na bevestiging in rekening gebracht op je account. Het abonnement wordt verlengd, tenzij je 24 uur voor afloop van de periode opzegt. De verlenging wordt ook in rekening gebracht op je account<br>De prijsvermeldingen gelden voor klanten in de Verenigde Staten. Prijzen in andere landen kunnen vari√´ren en de daadwerkelijke kosten kunnen worden omgerekend naar de lokale valuta.<br>Einde van proefperiode en verlenging van abonnement:<br>- De betaling wordt in rekening gebracht op je iTunes-account na bevestiging van aankoop<br>- Het abonnement wordt verlengd, tenzij je 24 uur voor afloop van de lopende periode opzegt<br>- De verlenging wordt 24 uur voor afloop van de lopende periode in rekening gebracht op het account tegen de standaardkosten van het wekelijkse abonnement<br>- De gebruiker kan het abonnement en de automatische verlenging beheren door na aankoop in de Store naar de accountinstellingen van de gebruiker te gaan<br>- Opzegging van het huidige abonnement is niet toegestaan gedurende de actieve abonnementsperiode<br>- Ongebruikte delen van de gratis proefperiode komen te vervallen bij aankoop van een abonnement<br>Opzeggen van een proefperiode of abonnement:<br>- Om een abonnement op te zeggen tijdens de gratis proefperiode, moet je het opzeggen via je account in de Store. Dit moet 24 uur voor afloop van de gratis proefperiode worden gedaan, om te voorkomen dat kosten in rekening worden gebracht.<br><br>http://privacy.servers.kwalee.com/privacy/BakeItEULA.html","‚Ç¨¬†2,29 - ‚Ç¨¬†18,99 per item",GAME_CASUAL,24848223,10000000,Wed Sep 16 17:57:32 2020,1600262852,PEGI 3,71M,4.4W en hoger,1.2.8,0 USD,4.1288
5,https://lh3.googleusercontent.com/Zw015Z4gl7H-XwipOihf4zfUKcliCKZlXPG3L_WAQJx8EDig0c0JPG-JaWZOSvEo,Drawing Games 3D,https://play.google.com/store/apps/details?id=com.game.jam.brain.puzzle.draw.best.free.it&hl=nl&gl=nl,com.game.jam.brain.puzzle.draw.best.free.it,https://play.google.com/store/apps/dev?id=7607779422266139562,Gamejam,"Time to test your drawing skills!<br><br>Imagine a game that mixes tricky brain puzzles with drawing. Now, stop imagining and start downloading! Drawing Games 3D has the best drawing games on iOS all rolled into one and made even better. Beautiful art and fun drawing games, get started now! <br><br>Features:<br>- Disco Dancing Wizards!<br>- Monkeys throwing bananas!<br>- Segway riders!<br>- Toilets!<br>- One big mean gorilla boss!<br><br>VIP Membership Subscription Terms<br>VIP Membership Subscription offers a weekly subscription for $3.99. Upon purchase of this subscription, you will immediately receive: <br>* Remove all non-optional ads.<br><br>This is an auto-renewable subscription. The payment is charged to your iTunes account after purchase confirmation. Your subscription is renewed unless you turn it off at least 24 hours before the period ends. Your account will be charged for renewal within 24-hours prior to the end of the current period at the $3.99 subscription price. See below links for more information.<br><br>The prices are set for United States customers. Pricing in other countries may vary and actual charges may be converted to your local currency.<br>You can turn off the auto-renew for the subscription whenever you want in the settings after purchase.<br>For our privacy policy visit: https://gamejam.co/privacy<br>For our terms of service visit: https://gamejam.co/terms<br><br>Please email us if you have any feedback<br>hello@gamejam.co","‚Ç¨¬†4,49 per item",GAME_CASUAL,4983413,1000000,Wed Sep 16 21:48:49 2020,1600276729,PEGI 3,52M,4.1 en hoger,1.2.3,0 USD,3.81036
6,https://lh3.googleusercontent.com/jpSZBiN3LesWXlXWuA3HQvucX9ksFE6r_n_mys_B6y-lq4hNd874s-PxsrlR45CTRKI,Toilet Games 3D,https://play.google.com/store/apps/details?id=com.game.jam.toilet.poop.games.best.fun&hl=nl&gl=nl,com.game.jam.toilet.poop.games.best.fun,https://play.google.com/store/apps/dev?id=7607779422266139562,Gamejam,"YOU gotta GET to the TOILET NOW! Before THE DUCK does! Solve your way to the bathroom! PUZZLES and GAMES and TOILET HUMOR!? Who knows!? Make sure you bring lots of TOILET PAPER! Hope you brought a magazine, this might take awhile!!! <br><br>Featuring:<br>- Toilet Paper Toss<br>- Bathroom Clean<br>- Beat the Line<br>- Bad Ducks!<br>- Phone Catch<br>- Portapotty Knockdown<br><br>If you have any questions or comments, feel free to contact us at: <br>hello@gamejam.co","‚Ç¨¬†4,49 per item",GAME_CASUAL,11708913,10000000,Wed Sep 16 20:17:52 2020,1600271272,PEGI 12,62M,4.4 en hoger,1.2.0,0 USD,3.8866594
7,https://lh3.googleusercontent.com/xkzOjLm9Sh0Z6LohP-UblgJR6ErnUIBphpx68MthMBa-gORDGhHlB4JKw0sh4fsK,Get Married 3D,https://play.google.com/store/apps/details?id=com.game.jam.get.married.best.love.girl&hl=nl&gl=nl,com.game.jam.get.married.best.love.girl,https://play.google.com/store/apps/dev?id=7607779422266139562,Gamejam,"Can YOU hear the BELLS RINGING!? YOU got the GIRL, GET MARRIED NOW! Solve your way down the aisle and into her heart! DON&#39;T FORGET THE RING!! Make sure there is CAKE for all the BEAUTIFUL GUESTS!! And check the GIFTS those GUESTS bring! We don&#39;t need anymore TOASTERS!!!<br><br>How deep is your devotion? GET MARRIED NOW!<br><br>Featuring!<br><br>Multiple game types!<br>So many Diamond Rings!<br>REAL PUZZLES!<br>ROMANCE!<br>Whole lotta love!<br>Pins!<br>Plants!<br>Hot hot FIRE!<br>All the CAKE!!!",,GAME_CASUAL,4709532,1000000,Wed Sep 30 08:27:37 2020,1601441857,PEGI 3,57M,4.4 en hoger,1.1.7,0 USD,4.0752687
8,https://lh3.googleusercontent.com/v_2jara16pnqWaw9_7JLlPQq6HgifJr0mGHWwMKBPTJnBInWRlDcsQO6nNljeFT15UI,Animal Games 3D,https://play.google.com/store/apps/details?id=com.game.jam.pet.hyper&hl=nl&gl=nl,com.game.jam.pet.hyper,https://play.google.com/store/apps/dev?id=7607779422266139562,Gamejam,"This game is not for children!<br><br>Let&#39;s play animal games now!<br><br>Ready!? Set! SOLVE! Are YOU the SMARTEST?! Smarter than your friends? Can you brain out your mom?<br><br>Boost your IQ with these BRAIN challenging mini games now! Prove you have the highest IQ once and for all! Take that Albert Einstein!<br><br>Shoot, sort, save, solve and stomp your way to victory, through these MEGA fun-packed BIG BRAIN BOOSTING mini game challenges!<br><br>Can you beat them all!?<br><br>Let us know if you can!<br>If you have any questions or comments, feel free to contact us at: hello@gamejam.co",,GAME_CASUAL,1808379,1000000,Fri Sep 11 16:02:06 2020,1599823926,PEGI 7,52M,4.4 en hoger,0.0.9,0 USD,4.2037916
9,https://lh3.googleusercontent.com/Z3OE_n8twKkN7lVxMK6sHu3gdeC58voirekhsutXRrlLNNNRAU7-eVstmyW4FccG6w,Perfect Slices,https://play.google.com/store/apps/details?id=com.perfect.slices&hl=nl&gl=nl,com.perfect.slices,https://play.google.com/store/apps/developer?id=SayGames,SayGames,Chop like a real master. It&#39;s so satisfying!<br><br>- Easy control<br>- Addictive gameplay<br>- Simple and fun,"‚Ç¨¬†3,29 per item",GAME_SIMULATION,77982812,50000000,Fri Jul  3 15:33:11 2020,1593774191,PEGI 3,46M,4.4 en hoger,1.3.3,0 USD,4.1540823
10,https://lh3.googleusercontent.com/FE90Oju7orqfJXUrfDiLZFtwSqldZaOK781TBOnu3wvWbSlUwxGBq_G_cu9ZiqAolt1C,Perfect Expert 3D,https://play.google.com/store/apps/details?id=com.hanna.justfixit&hl=nl&gl=nl,com.hanna.justfixit,https://play.google.com/store/apps/dev?id=6462287121578018300,Gismart,"Do you like to solve problems? Perfect Expert 3D is a game for you!<br><br>Armed with the ultimate set of tools, your task in this awesome game is clear. You need to find a solution, make your home perfect, and handle the chores! Are you up to the challenge? Well, get ready! <br><br>Will you be able to find a solution in time? They‚Äôre tricky. But we know you can do it. <br><br>It‚Äôs time to crash the problems and become the ultimate master in this awesome game! Are you ready to take up the spanner of glory?<br><br>Perfect Expert 3D features:<br>- addictive, fun and simple gameplay<br>- increasingly challenging levels<br>- colorful graphics<br><br>Can you make it perfect? Is it an easy task for you? Take a minute, try this at home or on the go!<br>It‚Äôs time to show your amazing skills!","‚Ç¨¬†0,69 - ‚Ç¨¬†4,49 per item",GAME_CASUAL,4902683,1000000,Tue Aug  4 18:53:29 2020,1596551009,PEGI 3,105M,5.0 en hoger,1.4.7,0 USD,3.8270042
11,https://lh3.googleusercontent.com/wxPWImHmyKVhNjp1Ucen5pBPgu-1fwTmZ9lS_2wv9c7Drq0OQAb5uLxf9rR-6Mn6uPs,Get the Girl,https://play.google.com/store/apps/details?id=com.game.jam.save.the.girl&hl=nl&gl=nl,com.game.jam.save.the.girl,https://play.google.com/store/apps/dev?id=7607779422266139562,Gamejam,"YOU gotta GET THE GIRL NOW! Before the FIRE does! Solve your way to her heart! And maybe a first date!? Who knows! Wanna water some plants? Thanks. Save Mother Earth too! SAVE the GIRL of your DREAMS from LAVA! Protect her from THIEFS!<br><br>A little water never hurt anyone! But don‚Äôt let your TOILET PAPER GET WET! Collect that paper gold! Drop TOILETS on the bad guys and use that BIG BRAIN of yours to SOLVE! And most importantly GET THE GIRL! Put on your best smile and suit! GET it NOW!<br><br>How deep is your devotion? GET THE GIRL NOW!<br><br>Featuring!<br><br>Multiple game types!<br>So much TOILET paper!<br>REAL PUZZLES!<br>ROMANCE!<br><br>If you have any questions or comments, feel free to contact us at: <br>hello@gamejam.co","‚Ç¨¬†4,49 per item",GAME_CASUAL,16040592,10000000,Thu Sep 24 19:12:00 2020,1600962120,PEGI 7,45M,4.4 en hoger,1.4.1,0 USD,3.9359791
12,https://lh3.googleusercontent.com/W_1C0qTzS88ReW-6TGVqM-1oNJ-Y7WpSchdcBwGXlLUjdDxX2VEUjkvwyijEm-yZAg,Cooking Family :Craze Madness Restaurant Food Game,https://play.google.com/store/apps/details?id=com.cooking.family.diary.fever.food.city.craze.dream.kitchen.frenzy&hl=nl&gl=nl,com.cooking.family.diary.fever.food.city.craze.dream.kitchen.frenzy,https://play.google.com/store/apps/dev?id=4764343509860143092,Zego Studio,"Crazy cooking is one of the finest arts available on the planet.<br>Experience the fever of real cooking in the kitchen without making any effort with Cooking Family : Craze Madness Restaurant Food Game. This crazy chef game is a truly international cooking game that brings together worldwide cuisines under one app and also gives you precious knowledge on the madness art of craze cooking restaurant.<br><br>Cooking Family is definitely a madness restaurant cooking game in which you must fulfill customer orders and create different tasty dishes in a bustling restaurant. The aim of this chef game is simple: you must serve your customers and make as much profit as possible! In this exciting chef game you must move around the world and build a series of thriving Restaurant fever.<br><br>Play cooking crazy and try all the possible kitchen game appliances, from coffee makers and rice cookers to pizza ovens and beef steak makers.<br>Decorate your restaurants to attract more clients. Make your own freebies, such as mix drinks, to make your customers‚Äô experience more personal and memorable ‚Äì just like in real restaurant!<br>Upgrade your kitchen game and produce an even greater variety of food game dishes, such as Cook Classic Restaurant Dishes in this Free Kitchen Game: Cook sweet donuts, savory hot dogs &amp; soup. Grill delicious fish, tasty steak, and mouth-watering burgers. Ice cream, cheesecake, pasta and shrimp - the restaurants grow with each city!<br><br>‚ñºCooking Family : Craze Madness Restaurant Food Game Features<br>üè™ Ultimate Cooking and Restaurant games for Android<br>üè™ Fun &amp; challenging chef games are free to play!<br>üë©‚Äçüç≥ Crazy Chef are hired to work for your cooking Restaurant<br>üè™ Upgrade, level up kitchen game to optimize cooking tycoon<br>‚öôÔ∏è Manage your restaurant and your kitchen, upgrade the workflow to earn more idle cash<br>‚öôÔ∏è Upgrade crazy cooking in the kitchen<br>‚öôÔ∏è Cooking Family yummy street food with food game<br>‚öôÔ∏è Extend the restaurant game system to the whole world<br>‚öôÔ∏è Serve crazy customers like a cooking tycoon<br><br>Cooking Family :Craze Madness Restaurant Food Game lets you try out crazy cooking restaurant from all over the world.<br>You get to try out restaurant cooking in the kitchen from various nationalities.<br>The crazy chef game consists of several minigames to keep you hooked if you get bored of one aspect. You can make stew, bake cakes, serve your world-wide customers in the cooking city and a whole lot more with this food game.<br><br>The cooking game free to download, you have a bunch of in-app purchases within the restaurant game, allowing you to progress your journey quicker.<br>Many have been hooked in this addictive cooking game so why don‚Äôt you get the latest version of Cooking Family : Cooking Games Madness Craze Restaurant to beat the challenging cooking game now!<br><br>Feedback here : https://www.facebook.com/Cooking-Family-Best-Cooking-Game-107347167466333","‚Ç¨¬†0,99 - ‚Ç¨¬†99,99 per item",GAME_SIMULATION,5161905,5000000,Fri Sep 25 15:52:19 2020,1601036539,PEGI 3,95M,4.1 en hoger,2.4,0 USD,4.446161
13,https://lh3.googleusercontent.com/11tgeocF0ldWIgOsOqIpdNna6YZWK6ZnPDiAHMwPUQdLNExPTKo-FHWupV8hudzYrKmz,Bottle Flip 3D,https://play.google.com/store/apps/details?id=pampam.ibf2&hl=nl&gl=nl,pampam.ibf2,https://play.google.com/store/apps/developer?id=tastypill,tastypill,"You have to flip a plastic bottle in the exciting arcade game Bottle Flip 3D! Make the bottle jump or even double flip. How? Just tap the screen at the right moment and jump!<br><br>Explore different rooms, jump on all sorts of objects: shelves, tables, chairs, sofas, and even subwoofers! Train your agility, develop coordination, control the strength and distance of the jump. And most importantly - calculate the distance correctly because it depends on whether you can get to the finish line and win! <br><br>Interesting levels, different obstacles, and your ideal flips - with  Bottle Flip 3D you will never be bored! Enjoy!<br><br>Functions:<br> - Agility, coordination, and fun - this is a new arcade game  Bottle Flip 3D!<br> - Flip a plastic bottle - explore different rooms-levels.<br> - Tap the screen at the right moment and jump, winning the  Bottle Flip 3D depends on you!<br> - Do you think throwing a bottle is easy? Try it then!<br> - The fun is just beginning - interesting levels and easy controls, what could be better?<br><br>Subscription Terms<br><br>VIP Access offers a weekly subscription for $5.99 after a 3 day free trial. Upon purchase of this subscription, you will immediately receive: 3 rare bottles, 200% gems earned, exclusive VIP game mode and remove all ads. Any unused portion of a free trial period, if offered, will be forfeited when the user purchases a subscription to that publication, where applicable. This is an auto-renewable subscription. The payment is charged to your Google Play account after purchase confirmation. Your subscription is renewed unless you turn it off at least 24 hours before the period ends. Your account will be charged for renewal as well.<br><br>The prices are set for United States customers. Pricing in other countries may vary and actual charges may be converted to your local currency.<br><br>See below links for more information.<br><br>For our privacy policy visit: http://tastypill.com/privacypolicy<br>For our terms of service visit: http://tastypill.com/tos<br><br>For any additional question, please contact us at: help@tastypill.com","‚Ç¨¬†3,19 - ‚Ç¨¬†6,49 per item",GAME_CASUAL,110852760,100000000,Sun Jul  5 15:49:38 2020,1593947978,PEGI 3,70M,5.0 en hoger,1.78,0 USD,3.9386141
14,https://lh3.googleusercontent.com/ylqzykGTHkFKj1dB-IqWx0fQTfSEIw0GCZlHHp_NLGAzSEhQ3emx7KRVHqwiUKktt4vk,Hyper Jobs,https://play.google.com/store/apps/details?id=com.game.jam.part.time.jobs&hl=nl&gl=nl,com.game.jam.part.time.jobs,https://play.google.com/store/apps/dev?id=7607779422266139562,Gamejam,"How many jobs can you do? <br><br>How does it work?<br>‚Ä¢ Simply complete all the jobs!<br><br>How many jobs, you can be a:<br>‚Ä¢ Cook<br>‚Ä¢ Dentist <br>‚Ä¢ Garbage Man<br>‚Ä¢ Zoo Keeper<br>‚Ä¢ CIA Body Guard <br>‚Ä¢ Mail Man<br>‚Ä¢ Club Bouncer<br>‚Ä¢ Prison Guard<br>‚Ä¢ Firefigher <br>‚Ä¢ Magician <br>‚Ä¢ Sheep Herding <br>‚Ä¢ Substitute Teacher. <br>‚Ä¢ Airplane Pilot<br>‚Ä¢ Interior Designer<br>‚Ä¢ and many more! <br><br>For our privacy policy visit: https://gamejam.co/privacy<br>For our terms of service visit: https://gamejam.co/terms<br><br>Please email us if you have any feedback<br>hello@gamejam.co",,GAME_CASUAL,8688909,5000000,Fri Sep 25 13:45:08 2020,1601028908,PEGI 3,80M,4.4 en hoger,1.2.0,0 USD,4.03217
15,https://lh3.googleusercontent.com/rv2y3lyx6lk26Zw75oED3XgSshMOBMvhP9DNbcHjdKRTUU6rsMvrE6VsI9FVNS_ag2g,Pancake Art,https://play.google.com/store/apps/details?id=com.tummygamese.pancakeart&hl=nl&gl=nl,com.tummygamese.pancakeart,https://play.google.com/store/apps/dev?id=4656343638685426415,HOMA GAMES,"Precision is key if you want to make perfect pancake art. Are you up to the challenge? Demanding customers expect the best from you, so don‚Äôt let them down! Cook all the pancakes to unlock the rarest ones. Will you be able to draw all the emojis in the world??","‚Ç¨¬†2,29 - ‚Ç¨¬†5,99 per item",GAME_PUZZLE,17635785,10000000,Fri Sep 25 19:09:23 2020,1601048363,PEGI 3,Varieert per apparaat,5.0 en hoger,47,0 USD,4.0384707
16,https://lh3.googleusercontent.com/eJ-9h4pnovHhPvOKIVSiQqXZs3QZn3IlmNNMTIQd02ZXTIUFRPfwE4HHTDJGl7tjReUl,Perfect Cream,https://play.google.com/store/apps/details?id=com.playgendary.creamaster&hl=nl&gl=nl,com.playgendary.creamaster,https://play.google.com/store/apps/dev?id=4614678246860437532,Playgendary Limited,"Is perfect topping an easy task for you? Try and see, it&#39;s so soothingly cool. Master the controls and try to prove everyone who is the chef.","‚Ç¨¬†3,49 - ‚Ç¨¬†8,99 per item",GAME_ARCADE,62401622,50000000,Mon Sep 28 10:49:03 2020,1601277543,PEGI 3,80M,5.0 en hoger,1.11.3,0 USD,4.1369047
17,https://lh3.googleusercontent.com/BMRWWO9_fX3dZZ7XxJNfUyls-I4POiCNnLFVQ9IlDvibXVsommMjKKmpqWIa5Vb9TOw,Draw Story 3D,https://play.google.com/store/apps/details?id=com.game.jam.draw.story.it.best.color&hl=nl&gl=nl,com.game.jam.draw.story.it.best.color,https://play.google.com/store/apps/dev?id=7607779422266139562,Gamejam,"How good can you draw? Welcome to the sequel to the hit game Draw Story!<br><br>Draw Story 3D lets you DRAW your way out of trouble. This Draw Story is filled with humor, romance, adventure, and drama. Wouldn‚Äôt it be amazing if YOU were a character in your favorite story? Draw Story lets you do just that with tons of levels to draw through! <br><br>PLAY FREE NOW!!!",,GAME_PUZZLE,2665646,1000000,Wed Sep 23 17:54:19 2020,1600871059,PEGI 3,119M,4.4 en hoger,0.2.7,0 USD,3.7853107
18,https://lh3.googleusercontent.com/B4vWCzImpQSpz9h5Q729h5mU7Bba0cujG8wkEFPHCTtA__905d80QR1i0RCVhjJM2e2e,Chores!,https://play.google.com/store/apps/details?id=com.chitralekha.tinyiron&hl=nl&gl=nl,com.chitralekha.tinyiron,https://play.google.com/store/apps/dev?id=6990178528646658622,Lion Studios,"Never have chores been this much fun to do. Who wants to actually get dirty doing busy work that no one wants to do? For once you will actually want to do the cleaning.<br><br>This game is not what you would expect. This is not some generic cleaning game. Each different chore will test your skills. Find the right matching sock, time your pour correctly to get the cereal in the bowl. So many unique chores testing your abilities to get the job done right!<br><br>Let&#39;s show Mom how good you are at doing all the house chores.She will be so proud!<br><br><br> <br> Game Features:<br>1.       Simple but addicting mechanics<br>Swipe to clean or drag to match. Simple but addicting mechanics will keep you addicted<br><br>2.       Beautiful Graphics<br>So lifelike it‚Äôs as if you were actually cleaning up real messes<br><br>3.       New Game Modes constantly getting added<br>Never go bored in this game with rotating chores constantly getting added<br><br>4.        Chill and have fun<br>Chores and Chill - it‚Äôs what every cool kid is doing this weekend.<br><br>Whether you are like ironing, cleaning, washing, mowing, raking, tidying or just don‚Äôt like seeing a dirty toilet, than Chores is the game for you!<br><br><br>Visit https://lionstudios.cc/contact-us/ if have any feedback, need help on beating a level or have any awesome ideas you would like to see in the game!<br><br>From the Studio that brought you Mr. Bullet, Happy Glass, Ink Inc and Love Balls!<br><br>Follow us to get news and updates on our other Award Winning titles;<br>https://lionstudios.cc/<br>Facebook.com/LionStudios.cc<br>Instagram.com/LionStudioscc<br>Twitter.com/LionStudiosCC<br>Youtube.com/c/LionStudiosCC","‚Ç¨¬†3,19 - ‚Ç¨¬†10,99 per item",GAME_CASUAL,12904062,10000000,Tue Aug 25 21:31:04 2020,1598374864,PEGI 3,138M,7.0 en hoger,3.0.1,0 USD,4.16992
19,https://lh3.googleusercontent.com/2hCHU6Qdzj1C4Y9Egsj2ByZlTE6Bd1uCHSZxK6V1-j58O1pPxf-_4B1UtBgQYwlFYE4,Cooking Dream: Crazy Chef Restaurant Cooking Games,https://play.google.com/store/apps/details?id=com.cooking.games.fever.food.city.craze.dream&hl=nl&gl=nl,com.cooking.games.fever.food.city.craze.dream,https://play.google.com/store/apps/dev?id=4764343509860143092,Zego Studio,"<b>Crazy Cooking</b> is one of the finest arts available on the planet. Experience the fever of <b>real cooking in the kitchen</b> without making any effort with <b>Cooking Dream: Crazy Chef Restaurant cooking games.</b> This crazy chef game is a truly international cooking game that brings together <b>worldwide cuisines</b> under one app and also gives you precious knowledge on the madness art of crazy cooking restaurant.<br> <br>Cooking dream is definitely a madness restaurant game in which you must <b>fulfill customer orders and create different tasty dishes in a bustling restaurant.</b> The aim of this chef game is simple: you must serve your customers and make as much profit as possible! In this exciting chef game you must move around the world and build a series of thriving Restaurant fever.<br> <br>Play cooking crazy and try all the possible kitchen game appliances, from <b>coffee makers and rice cookers to pizza ovens and beef steak makers.</b> Decorate your restaurants to attract more clients. Make your own freebies, such as mix drinks, to make your customers‚Äô experience more personal and memorable ‚Äì just like in real restaurant! Upgrade your kitchen game and produce an even greater variety of food game dishes, such as <b>Cook Classic Restaurant Dishes in this Free Kitchen Game:</b> Cook sweet donuts, savory hot dogs &amp; soup. Grill delicious fish, tasty steak, and mouth-watering burgers. Ice cream, cheesecake, pasta and shrimp - the restaurants grow with each city!<br> <br>‚ñº<b>Cooking Dream: Crazy Chef Restaurant cooking games Features</b><br>üè™ Ultimate Cooking and Restaurant games for Android<br>üè™ Fun &amp; challenging chef games are free to play!<br>üë©‚Äçüç≥ Crazy Chef are hired to work for your cooking Restaurant<br>üè™ Upgrade, level up kitchen game to optimize cooking tycoon<br>‚öôÔ∏è Manage your restaurant and your kitchen, upgrade the workflow to earn more idle cash<br>‚öôÔ∏è Upgrade crazy cooking in the kitchen<br>‚öôÔ∏è Cooking dream yummy street food with food game<br>‚öôÔ∏è Extend the restaurant game system to the whole world<br>‚öôÔ∏è Serve crazy customers like a cooking tycoon<br> <br>Cooking Dream: Crazy Chef Restaurant cooking games lets you try out crazy cooking restaurant from all over the world. You get to try out restaurant cooking in the kitchen from various nationalities.<br> <br>The crazy chef game consists of several minigames to keep you hooked if you get bored of one aspect. It‚Äôs a well rounded restaurant game, and we could definitely see not only kids but also adults spending a lot of time on this cooking game. You can make stew, bake cakes, serve your world-wide customers in the cooking city and a whole lot more with this food game.<br> <br>The cooking game follows a freemium model, which means that although it‚Äôs free to download, you have a bunch of in-app purchases within the restaurant game, allowing you to progress your journey quicker. Many have been hooked in this addictive cooking game so why don‚Äôt you get the latest version of Cooking Dream: Crazy Chef Restaurant cooking games to beat the challenging cooking game now!","‚Ç¨¬†0,99 - ‚Ç¨¬†109,99 per item",GAME_CASUAL,8239709,5000000,Thu Sep 17 07:11:00 2020,1600310460,PEGI 3,107M,4.4 en hoger,5.15.134,0 USD,4.558938
20,https://lh3.googleusercontent.com/026H-NZTpzw2oarPKAGIbgJOPcGLPQnse0e9Sep_dxag6HH5D7HFAT9Vj8_U4k3JPg,Sandwich!,https://play.google.com/store/apps/details?id=com.popcore.makesandwich&hl=nl&gl=nl,com.popcore.makesandwich,https://play.google.com/store/apps/dev?id=7948217467540814816,Popcore Games,"Make delicious sandwiches by folding toppings on top of each other, and serve it on a platter to eat!<br><br>In this new, delicious puzzle game it‚Äôs your job to combine bread with lettuce, tomato, salmon, cheese, onion, and many more toppings. Unlock more ingredients as you go along and the levels get harder! Are you a true sandwich master?<br><br>Full of tricky levels, this game is set to eradicate your boredom. Oddly satisfying and deliciously entertaining! How high can you stack your sandwich? Ready, set, go!","‚Ç¨¬†4,09 per item",GAME_PUZZLE,45264642,10000000,Wed Aug 19 18:14:57 2020,1597844697,PEGI 3,61M,5.1 en hoger,0.54.1,0 USD,3.9840796
21,https://lh3.googleusercontent.com/S8im9spSY22w8UNgRZBBaXLR0YS_4s9OkxR8m4X7gedVQ7vi4kvKYLo_nZQci2rq4ps,"Real Cake Maker 3D - Bake, Design & Decorate",https://play.google.com/store/apps/details?id=com.cocoplay.cakemaker&hl=nl&gl=nl,com.cocoplay.cakemaker,https://play.google.com/store/apps/developer?id=Coco+Play+By+TabTale,Coco Play By TabTale,"Hungry? Get baking! Become the best cake baker in town and create the yummiest cakes, in this delicious cooking game! This cooking game‚Äôs beautiful 3D art will make you feel like you‚Äôre baking a real cake! Yummy! What are you waiting for? Get your mixer out and start cracking those eggs! <br><br>Be the best cake baker the world has ever seen! What‚Äôs your favorite type of cake? Sweet birthday cakes? Fancy wedding cakes? Whatever it is, you can make it! Decorate your cakes to make them extra beautiful, and take photos so you can show your friends your yummy creations! You can even enter your cakes in a contest and serve them to your friends at the cake party!<br><br>Features:<br>&gt; Learn how to bake the most delicious cakes EVER in this fun cooking game!<br>&gt; Tons of mouth-watering cake recipes to make for you and your friends!<br>&gt; Use professional baker tools to bake, design &amp; decorate the most delicious cakes!<br>&gt; From rainbow-sprinkled birthday cakes to strawberry cupcakes, the choices are infinite!<br>&gt; Decorate your cakes with yummy frosting, delicious decorations &amp; adorable toppers!<br>&gt; Are those wedding bells? Design and bake a beautiful cake for the bride. <br>&gt; Put the prettiest picture of yourself on your very own cake!<br>&gt; Have a cake party with your fuzzy bunny, kitty and puppy friends, cute babies, and more!<br>&gt; Make the party extra festive with your very own party decorations!<br>&gt; Enter the cake bake competition, vote for your favorite cake, and win first prize!<br>&gt; To-die-for dark chocolate, cherry-banana cake or cheesecake? You choose - You‚Äôre the baker! <br>&gt; It‚Äôs princess party time! Put your favorite princess on a cake! <br>&gt; Take pictures of your masterpiece to show off your gorgeous cake designs!<br>&gt; Make a cake album so you‚Äôll always remember your incredibly delicious creations!<br>&gt; Tons of adorable and fun coloring pages for you to draw in, in this awesome cooking game!<br><br>&quot;To opt out of CrazyLabs sales of personal information as a California resident, please visit our Privacy Policy: https://crazylabs.com/app&quot;","‚Ç¨¬†0,89 - ‚Ç¨¬†8,99 per item",GAME_SIMULATION,70530491,50000000,Fri Aug 23 12:17:24 2019,1566546444,PEGI 12,49M,4.4 en hoger,1.7.1,0 USD,4.0858846
22,https://lh3.googleusercontent.com/6w96ixansgbb2aV19SuLj2IHhoKzexmI7an8aiiOhWQf1139JcC_OjZoIBtko26mtuU,My Cooking - Restaurant Food Cooking Games,https://play.google.com/store/apps/details?id=com.my.cooking.chef.kitchen.craze.fever&hl=nl&gl=nl,com.my.cooking.chef.kitchen.craze.fever,https://play.google.com/store/apps/developer?id=gameone,gameone,"Join My cooking, a well-made cooking game, which can be completed all by just tapping with one finger. <br>Easy to operate &amp; Rich in dishes. Manage time properly to operate your own worldwide restaurant chain!<br><br>Cooking Delicacies From Around The World In Crazy Fever Cooking Games<br>- Hundreds of fresh ingredients for cooking into delicious dishes!<br>- Cook savory cookies, grill tasty tender steaks and delicious hot dogs.<br>- Fry, Bake, Boil, Steam, Simmer and Grill magical cook method.<br>- Sweet donuts, pizza, waffles and shrimp - the recipes grow with opening city!<br><br>Opening Special Theme Restaurants  In New Cooking Games For Free<br>- Elegant Cafe, delicious Burger Shop, sweet Dessert Shop are waiting to unlock!<br>- Improve cooking skill and manage time efficiently to become the best chef!<br>- Upgrade kitchen appliances and ingredients to earn more money.<br>- More amazing restaurants and new cities will be added regularly! <br><br>Proficiency in Cooking Techniques &amp; Strategies<br>- Create more combos: Get big bonus and achievements.<br>- Upgrade ingredients &amp; kitchenware: Increase income &amp; Reduce cooking time.<br>- Use useful boots appropriately: Complete special cooking goals smoothly.<br><br>More Features:<br>+ More than 6 featured theme restaurants are available!<br>+ 85+ ingredients to create over 50 dishes from around the world!<br>+ 150+ well-designed levels with 3 kinds of difficulties!<br>+ Interesting and magical boots help you pass the levels.<br>+ Hundreds of kitchenware and ingredients are waiting for upgrading.<br>+ Wi-Fi not needed: No internet needed after the initial install.<br>+ Enjoy time-management game play in your pocket anytime for Free!<br>+ There are more restaurants and delicacies coming soon!<br><br>How to Play:<br>Don&#39;t worry! You can do all the steps just with one finger: <br>According to the food on the customer&#39;s order, tap the ingredients to cook food in order. <br>Click the finished dishes to complete all the orders.<br><br>What are you waiting for? Come and try!<br><br>Follow us on Facebook: https://www.facebook.com/My-Cooking-114689119908044/<br><br>Any question? Contact us: MyCookingTeam@hotmail.com","‚Ç¨¬†1,09 - ‚Ç¨¬†109,99 per item",GAME_ARCADE,6712509,5000000,Tue Sep 29 13:14:13 2020,1601372653,PEGI 3,103M,4.1 en hoger,6.9.5017,0 USD,4.098755
23,https://lh3.googleusercontent.com/lQH4O23XPMxho2eSlao2vpBuoDBixlK-TPxfQswCFfi5jKEt-OYdzgXqHKeRhgbP9jU,Cooking Hot - Craze Restaurant Chef Cooking Games,https://play.google.com/store/apps/details?id=com.flybirdgames.cookinghot&hl=nl&gl=nl,com.flybirdgames.cookinghot,https://play.google.com/store/apps/developer?id=FlyBird+Casual+Games,FlyBird Casual Games,"Welkom bij <b> Cooking Hotüë©‚Äçüç≥üë®‚Äçüç≥</b>, de <b> BEST</b> chef-game, <b> FAST PACE</b> Cooking Game en Restaurant Game! Het biedt je de <b> puurste </b> en <b> meest waarachtige</b> ervaringen. Kom naar verschillende kooksteden, voel de rage en waanzin van een liefhebber van kookgekke games. Kook en serveer eten als een geweldige chef! <br><br>We gooien de uitgebreide bewerkingen en irrelevante systemen in de huidige kookspellen op de markt weg en bieden u een <b> Fast Pace</b> en <b> Simplified</b> simulatiespel voor restaurants. Concentreer je werk in verschillende restaurants, bevredig de smaakpapillen van je klanten en fans! <br><br>üëâ<b> Download </b> voor <b> GRATIS NU</b> en maak je klaar om de kookwereld op haar grondvesten te doen trillen! üèÉ","‚Ç¨¬†1,09 - ‚Ç¨¬†109,99 per item",GAME_STRATEGY,10848436,10000000,Mon Sep 21 16:45:50 2020,1600694150,PEGI 3,122M,4.1 en hoger,1.0.39,0 USD,4.5807204
24,https://lh3.googleusercontent.com/iNe6bJRnmf-CDKsYL1NU_ahtnoHVD3-y-EZl-ZFn8lZ_o9HT8Kfqiw_itsogVseQFDg,"Good Pizza, Great Pizza",https://play.google.com/store/apps/details?id=com.tapblaze.pizzabusiness&hl=nl&gl=nl,com.tapblaze.pizzabusiness,https://play.google.com/store/apps/dev?id=7300020765194314153,TapBlaze,"Ever wanted to know what it feels like to run your own Pizza shop? Now you can with TapBlaze‚Äôs newest cooking game, Good Pizza, Great Pizza! Do your best to fulfill pizza orders from customers while making enough money to keep your restuarant open. Upgrade your restaurant with new toppings, decor and kitchen equipment to compete against your pizza rival, Alicante!<br><br><b>GAME HIGHLIGHTS</b><br><br>üçï Featuring Pizza News Network (PNN), the first newscast about all things pizza.<br>üçï Over 100 customers with unique pizza orders and personalities.<br>üçï Pizza toppings including pepperoni, sausage, onions, and more.<br>üçï Equipment upgrades to help you become the master ovenist.<br>üçï Simple, fun and challenging cooking game.<br>üçï Created by pizza making professionals; the game designer worked in a pizza kitchen for four years!<br><br>Can you become the master ovenist? Only time and your pizza skills will tell! <br><br>Download and start pizza making now!<br><br>Privacy Policy: <br>http://www.tapblaze.com/about/privacy-policy/<br><br>Terms of Service: <br>http://www.tapblaze.com/about/terms-conditions/","‚Ç¨¬†1,09 - ‚Ç¨¬†25,00 per item",GAME_CASUAL,67693102,50000000,Thu Sep 17 05:07:12 2020,1600303032,PEGI 3,71M,4.1 en hoger,3.4.13,0 USD,4.294944
25,https://lh3.googleusercontent.com/ayxn1d4gngUtfH9thGBRCN05x6BO2g2lHPgNwIZ-jrZceDsIw7BK7tuS6cnJtpx9UW0,"Cooking City: chef, restaurant & cooking games",https://play.google.com/store/apps/details?id=com.cookingcity.chef.kitchen.craze.fever&hl=nl&gl=nl,com.cookingcity.chef.kitchen.craze.fever,https://play.google.com/store/apps/developer?id=MAGIC+SEVEN,MAGIC SEVEN,"Play the new cooking game! Cooking City is a FREE restaurant game with fast-paced gameplay and strategy and simulation fun. üç≥Be a star frenzy chef, cook delicious food, travel around the world, explore food cultures and grow craze empire. Record my cooking story and culinary diary, and enjoy restaurant fever! Experience kitchen fever in hot time-management cooking games!  Now for free!üçü<br><br><br>Prepare, cook, and serve tasty food in the cooking world! Grill cheese burgers or baking pizza‚Ä¶Explore joy Cafe, bakery shop and many other restaurants. Dash from kitchens in diner time! Master massive menus and become a crazy star chef!üè∞<br><br>üë©‚Äçüç≥ Open Restaurant Anytime, Anywhere<br>- No internet needed after the initial install!<br>- Enjoy time-management game play in your pocket anytime!<br>- Cook offline fun, open your kitchen anywhere you like!<br>- Build your cooking empire in this Free Kitchen Game!<br><br>üçü Cook 200+ Tasty Food<br>- Hundreds of delicious ingredients to cook for meals.<br>- Burgers, waffles, chips and pizza...Cook dishes what you have never seen before.<br>- Upgrade ingredients to manage top cooking restaurants!<br>- Master all kinds of dishes, hungry customers grow with each city!<br><br>üéØ 300+ Levels with Unique Goals<br>- Fantasy strategy meets fast-paced game!<br>- Time-management meets fun challenge cooking limits!<br>- Cook up rewarding combos, earning big bonuses!<br>- Endless fun with new levels and cities constantly updated!<br><br>‚è∞ Use Powerful Boosts<br>- Complete special cooking goals with magic boosts.<br>- Make food never overcooked with special pans!<br>- Increase earnings with Double Sales, Fresh ingredients are always inviting!<br>- Powerful boosts feat star chefs skill and dash.<br><br>üç¥ Master Massive Kitchen Appliances<br>- 8+ theme restaurants with unique appliances for cook.<br>- Espresso machine or pizza oven, star chefs can always master them perfectly!<br>- Manage time efficiently with kitchen appliances upgrades.<br>- Better appliances helps cook food fast to win timed levels.<br><br>üì≤üì≤üì≤ Download Cooking City for free. Enjoy the fun new kitchen game!<br><br>&gt;&gt; Like us on Facebooküíó:<br>https://www.facebook.com/Cooking-City-227424291396117<br><br>&gt;&gt; Contact usüíå: cookingcity@outlook.com","‚Ç¨¬†1,09 - ‚Ç¨¬†179,99 per item",GAME_ARCADE,16714341,10000000,Mon Sep 28 17:33:28 2020,1601301808,PEGI 3,211M,4.1 en hoger,1.78.5017,0 USD,4.465818
26,https://lh3.googleusercontent.com/aiNWtsQyj2En0zpIMKvQyj8w3ZQFdo6CvHBeiZt1RmmpltsFP_Pf0P1YummNdN7y6Xo,Lip Art 3D,https://play.google.com/store/apps/details?id=com.casualpunch.lipart&hl=nl&gl=nl,com.casualpunch.lipart,https://play.google.com/store/apps/dev?id=5052871199937770910,ZPLAY Games,"Lips are the perfect canvas to create the most imaginative art.<br>And Lip Art 3D turns you into an expert lip art makeup artist in no time!<br>Make those pouting lips pop with lipsticks, brushes, gloss, glitter, sequins and rhinestones.<br>Complete dozens of unique and gorgeous lip art designs and watch the ‚ÄúLikes‚Äù ticking like crazy!<br><br>This is easily the best and the most satisfying lip art game out there!","‚Ç¨¬†3,49 per item",GAME_CASUAL,24378495,10000000,Tue Aug 18 16:08:39 2020,1597750719,PEGI 3,180M,4.4 en hoger,1.1.9,0 USD,3.8866553
27,https://lh3.googleusercontent.com/vjIOR6a_64Kbb1yazqkAVftF8P7zcBl3NIQ-cGvkodhCbl7zZJWNRQI2I9PL8vM95ssE,Cooking Fever,https://play.google.com/store/apps/details?id=com.nordcurrent.canteenhd&hl=nl&gl=nl,com.nordcurrent.canteenhd,https://play.google.com/store/apps/dev?id=6790926766572360607,Nordcurrent,"Kook heerlijke maaltijden en desserts van over de hele wereld in dit GRATIS en meeslepende tijdmanagementspel! <br><br>Met een gevarieerde keur aan unieke locaties en restaurants, van desserts en fastfood tot de Indiase en Chinese keuken, kun je oefenen op je vaardigheden in diverse omgevingen en met verschillende kooktechnieken. Gebruik honderden heerlijke ingredi√´nten om de beste kwaliteitsgerechten te bereiden. Probeer alle mogelijke keukenspullen, van koffiezetapparaten en rijstkokers tot pizza-ovens en popcornmachines. Decoreer je restaurants om meer klanten aan te trekken. Maak je eigen gratis items, zoals koekjes of cupcakes, om te zorgen voor een persoonlijkere en memorabele klantervaring - net als in het echte leven! Upgrade je keuken en produceer nog meer verschillende gerechten. <br><br>O, en hadden we al gezegd dat dit spel superverslavend als meeslepend is? Veel plezier met koken en vergeet niet om heerlijke maaltijden te delen met je vrienden op Facebook!<br><br>Kenmerken:<br>‚Ä¢ Duizenden heerlijke gerechten om te bereiden met de beste kwaliteitsingredi√´nten<br>‚Ä¢ Enorme keuze aan wereldberoemde keukens<br>‚Ä¢ Meer dan 1000 levels om te voltooien<br>‚Ä¢ Honderden en honderden upgrades voor je keukenapparatuur en interieur<br><br>BELANGRIJKE OPMERKING:<br>Je hebt een internetverbinding nodig om Cooking Fever te spelen. De game gebruikt een kleine hoeveelheid data voor onderdelen zoals onze dagelijkse beloningen, herstel van kwijtgeraakte spelvoortgang, toernooien, uitdagingen en andere gameplay-verbeteringen.","‚Ç¨¬†1,09 - ‚Ç¨¬†109,99 per item",GAME_ARCADE,202469358,100000000,Mon Sep 28 15:35:40 2020,1601294740,PEGI 3,123M,4.3 en hoger,9.0.3,0 USD,4.324583
28,https://lh3.googleusercontent.com/E_RwEKWCqlelREAeQt51bGAFX-m7JOvkZD9yJ1zkT5sPuwpfuvKtIzLKMw28SbqZdlo,Popcorn Burst,https://play.google.com/store/apps/details?id=com.popcorn.burst&hl=nl&gl=nl,com.popcorn.burst,https://play.google.com/store/apps/developer?id=SayGames,SayGames,Hold to fill the bucket with popcorn. <br><br>Do not drop anything and earn top rating!<br><br>Tons of unique handcrafted levels will keep you entertained for hours!,"‚Ç¨¬†3,29 per item",GAME_PUZZLE,11829566,10000000,Fri Jul 17 13:14:53 2020,1594975493,PEGI 3,35M,4.4 en hoger,1.5.3,0 USD,4.0585985
29,https://lh3.googleusercontent.com/ybD6Zn7QrXexPkO1EBkR88Bd3dqW4CDVT_gU3YkZXnsKvCka05Gnc37SQ11W6P8t9g,Ice Cream Inc.,https://play.google.com/store/apps/details?id=com.RedLineGames.Game49&hl=nl&gl=nl,com.RedLineGames.Game49,https://play.google.com/store/apps/developer?id=TapNation,TapNation,"Ice cream lovers, you‚Äôll like this Ice Cream Inc! Create the ice cream of your dreams by controlling your ice cream dispenser. So many delicious flavors to get and to mix together!<br><br><br>Hold the dispenser button to drop your ice cream and try to match to the model. An extremely relaxing and satisfying game, where you‚Äôre the master of the ice cream.","‚Ç¨¬†4,19 - ‚Ç¨¬†8,49 per item",GAME_CASUAL,60492384,50000000,Wed Sep 23 13:40:05 2020,1600855805,PEGI 3,79M,5.0 en hoger,1.0.15,0 USD,4.0807633
30,https://lh3.googleusercontent.com/qWVx7LPjvlva8t6vl8mO-W25PyZ0DQ1K-i_ZW8_NmvGW3zCvO5t_kWvwbFPD8r2diw,Bubble Tea!,https://play.google.com/store/apps/details?id=com.honeyponey.bubbletea&hl=nl&gl=nl,com.honeyponey.bubbletea,https://play.google.com/store/apps/dev?id=5156488372101316114,Dual Cat,Mix the different flavors in this super fun addicting bubble tea simulator.<br><br>Earn coins and get all the skins to customize your bubble teas.,"‚Ç¨¬†2,99 per item",GAME_CASUAL,35198228,10000000,Mon Sep 14 00:37:03 2020,1600027623,PEGI 3,30M,4.1 en hoger,1.7.8,0 USD,4.1871285
31,https://lh3.googleusercontent.com/F9EQvMfNuakjFEJMjwCH2DQTU1vtBbtAMFYDXwDRYQFoyh9bNJBVTHmN4mmBgmBMUA,Tofu Girl,https://play.google.com/store/apps/details?id=com.joypac.doufu&hl=nl&gl=nl,com.joypac.doufu,https://play.google.com/store/apps/developer?id=JoyPac,JoyPac,"Get high on...Tofu?<br> <br>It‚Äôs time to stack up your own tofu tower, get ready to jump over obstacles that appear from both sides. Land the girl in the middle of each tofu for more acrobatic jumps. <br><br>[Game Features]<br>‚óÜ Cuteness at your fingertip<br>Tap to start. Help the chirpy girl to climb the tower of deliciously bouncy tofu trampolines.<br>‚óÜ Addictive gameplay<br>Relax in the cheerful music and immerse yourself in the endless loop of tofu jumping! Try perfecting each jump to unleash the acrobatic genius hidden inside your Tofu Girl! <br>‚óÜ Unlock more than 60 skins!<br>Fancy new clothes for your girl or tofu? Collect as much gold as you can by making perfect jumps and completing your collection!<br><br>„ÄêGame play„Äë<br>1. Tap to jump, land in the middle of Tofu for perfect jumps.<br>2. Perfect jump gives higher score and gold reward.<br>3. Use your gold to unlock more skins.","‚Ç¨¬†1,09 - ‚Ç¨¬†3,29 per item",GAME_CASUAL,9954537,5000000,Wed Sep 23 07:25:02 2020,1600833302,PEGI 3,82M,5.0 en hoger,1.1.21,0 USD,4.242476
32,https://lh3.googleusercontent.com/E8AZmAf8OtBBBzX1ixNmYqlGmFHyGHBzSNQNjMPy9v4iYj3_dRSNZULFzqnGox22Whg,Date the Girl 3D,https://play.google.com/store/apps/details?id=com.game.jam.date.the.girl.best.tinder.hot.hook.up.meet&hl=nl&gl=nl,com.game.jam.date.the.girl.best.tinder.hot.hook.up.meet,https://play.google.com/store/apps/dev?id=7607779422266139562,Gamejam,"SAVE YOUR DATE!<br><br>YOU are looking for LOVE! Keep the NEW COUPLES together! CREATE a TOP LOVE LIFE! And make the world a HAPPIER place! TEENS with DREAMS to SPREAD THE LOVE! Date the girl! Find the BEST MATCH! SOLVE your way to her HEART! DRAW to meet the GIRL of your DREAMS! FIGHT off thieves who scare COUPLES! Get past her dad! PLUCK the heart strings of love and PLAY all of these FREE games to get the girl! GET THE GIRL! HOOKUP your HEART to LOVE!<br><br>How deep is your love? Date The Girl 3D! BEST NEW TOP GAME APP and FREE to PLAY NOW!<br><br>Featuring:<br>-Multiple top game types!<br>-DRAW TO NEW ROMANCE!<br>-Remember to DRESS NICE!<br>-Action &amp; Fashion!<br>-Puzzles &amp; Couples!<br>-Whole lotta love!<br>-Cupid Match!<br>-Hearts for LIFE!<br>-MORE LOVE NOW!<br>-BEST LOVE BEST LIFE<br>-FREE FUN APP FOR DATE NIGHT<br><br>VIP Membership Subscription Terms<br>VIP Membership Subscription offers a weekly subscription for $3.99. Upon purchase of this subscription, you will immediately receive: <br>* +5 Hearts FOREVER! <br>* Exclusive items, colors &amp; patterns.<br>* Remove all non-optional ads.<br>* Special sharing themes.<br>This is an auto-renewable subscription. The payment is charged to your Google Play account after purchase confirmation. Your subscription is renewed unless you turn it off at least 24 hours before the period ends. Your account will be charged for renewal as well. See below links for more information.<br>The prices are set for United States customers. Pricing in other countries may vary and actual charges may be converted to your local currency.<br>You can turn off the auto-renew for the subscription whenever you want in the settings after purchase.<br>For our privacy policy visit: https://gamejam.co/privacy<br>For our terms of service visit: https://gamejam.co/terms<br><br>Please email us if you have any feedback","‚Ç¨¬†4,39 per item",GAME_PUZZLE,7158502,5000000,Wed Aug 26 21:06:01 2020,1598459761,PEGI 3,58M,4.4 en hoger,1.3.1,0 USD,4.012226
33,https://lh3.googleusercontent.com/dy2_5yU7sU-exGspHbX2YXkXTd2DadX9Tg9LroZtbsW4gzfylOXb6wjwpSPbMZspijY,Kook Gekte - Een Chef Restaurant Spel,https://play.google.com/store/apps/details?id=com.biglime.cookingmadness&hl=nl&gl=nl,com.biglime.cookingmadness,https://play.google.com/store/apps/developer?id=ZenLife+Games,ZenLife Games,"BEREID üî™, KOOK üïëen SERVEER üçï heerlijke gerechten van over de hele wereld üåé in Kook Gekte! <br> <br> Word de meester chef üë®‚Äçüç≥ die je altijd al wilde zijn! Dit is het verslavende tijdsmanagement spel van het jaar dat je een digitale kook ervaring geeft!<br> <br> Ga mee in de kookgekte. Kook als een RAZENDE CHEF in Kook Gekte! Heb jij de kook koorts en krijg je geen genoeg van üç® kookspellen? Dan is dit HET kook spel voorr jou! Je serveert de lekkerste gerechten üç© aan hongerige klanten in te gekke restauurants op ‚è© HOOG tempo. Geen uitdating die jij niet aankunt. Ren van restaurant naar restaurant op de magische kaart. <br><br>Je ontdekt en ontgrendelt vele plekken op reis naar succes. üåÑ Krijg de restaurants weer op de rails en lok meer en meer klanten. Laat de Kook Gekte beginnen! <br><br>Oefen je kooktechniek en management skills üçΩ. Tik zo snel als je kunt terwijl je een oogje op de tijd houdt. Gerechten maken is nog nooit zo spannend en leuk geweest! Probbeer alle mogelijke keuken benodigdheden üç≥ om je kookkunsten op peil te houden. Upgrade gerechten en keukenwaren voor een betere spelervaring!<br><br>Hou je van een beetje spanning in je kookspel? Houd je staande tijdens de drukke uren en word beter in tijdsmanagement üõé. Dit kookspel biedt eindeloos leuke levels met uitdagende missies in ieder level voor een bijzondere ervaring.<br><br><b>Wat voor LEUKE dingen biedt dit spel nog meer? </b><br>- <b>Kook &amp; Reis </b> ontdekt vele nieuwe restaurants üç¥ <br>- <b>Maak Combos en verdien mega FOOITJES</b> terwijl je je kookkunsten showt üí∞ <br>- <b>Ontgrendel Nieuwe Restaurants</b> door genoeg sleutel kaarten te verzamelen üåÆ <br>- <b>Upgrade je Keuken en haal levels</b> om de beroemde Gekke Chef te worden! üíµ <br>- <b>Tik een eind weg</b> in vele leuke levels üçñ - <b>Voltooi</b> speciale missies en resultaten om meer te verdienen üéÅ <br>- <b>En let op de vele updates die eraan komen!</b> üî• <br><br>Doe die Koksmuts op en sla aan het koken! Download vandaag gratis en doe mee aan de Kook Gekte! <br><br>‚ô•Ô∏è Volg ons op de offici√´le fanpagina:: https://www.facebook.com/cookingmadness.chef","‚Ç¨¬†0,99 - ‚Ç¨¬†104,99 per item",GAME_ARCADE,83787491,50000000,Mon Sep 21 13:54:59 2020,1600683899,PEGI 12,110M,4.1 en hoger,1.7.4,0 USD,4.576243
34,https://lh3.googleusercontent.com/zZAwl5QM2_YrroMq5wY6RkYhZx7-Webt81ZAb2YhijAS6uHz4o3LnclmYgyVqHv9s5Y,Pizzaiolo!,https://play.google.com/store/apps/details?id=com.pizza.dough&hl=nl&gl=nl,com.pizza.dough,"https://play.google.com/store/apps/developer?id=Geisha+Tokyo,+Inc.","Geisha Tokyo, Inc.","Open your very own pizzeria! <br>Knead the dough, place the toppings and bake the most delicious pizza of all time.<br>Can you become the best pizzaiolo?",,GAME_ARCADE,9886973,5000000,Thu Apr 30 15:31:31 2020,1588244491,PEGI 3,67M,4.1 en hoger,1.3.7,0 USD,4.103184
35,https://lh3.googleusercontent.com/CjmspcZWlVZ_TdF9J9IyiPIeTJ_zztnv0MxNNFXas6MOfPo5ch3nIFSdnC4XiH7fE8o,"My Bakery Empire - Bake, Decorate & Serve Cakes",https://play.google.com/store/apps/details?id=com.cocoplay.sweet.bakery&hl=nl&gl=nl,com.cocoplay.sweet.bakery,https://play.google.com/store/apps/developer?id=Coco+Play+By+TabTale,Coco Play By TabTale,"Once upon a time, there was wannabe baker whose dream came true! Enjoy this mouth-watering cake bakery story and help Lizzie fulfill her dream of someday opening up a sweet bakery of her own. Now that day has finally arrived! She&#39;s graduating from college, and she&#39;s more than ready to get baking some tasty cupcakes. But she needs your help! Have fun opening up lots of yummy bakeries, baking with Lizzie and becoming a true baking professional who‚Äôs famous for beautiful, tasty delights!<br><br>Help Lizzie open up world-famous bakeries and take specific orders from her demanding customers! Learn how to bake delicious, mouth-watering desserts like cupcakes, smoothies, donuts and cakes! With your assistance, Lizzie will become the most talented pastry chef ever! You‚Äôll just LOVE this tasty bakery story game! <br><br>But here‚Äôs a little warning - this bakery story game WILL make you hungry!<br><br>Features:<br>&gt; You‚Äôll love this fun cake bakery story game! Help Lizzie open up a cake bakery‚Ä¶ and then another cake bakery‚Ä¶ and another cake bakery! There‚Äôs no such thing as too many bake shops! And definitely no such thing as too many cupcakes!<br>&gt; Take specific orders from your customers, and serve them with a smile! Make sure they get exactly what they asked for, whether it‚Äôs cupcakes, donuts or cakes!<br>&gt; Learn how to bake tons of desserts from so many yummy recipes, with a professional cake maker!<br>&gt; Make your cakes extra fancy with colorful cake decorations!<br>&gt; Dress up Lizzie like the true baker she is! Give her a pretty chef‚Äôs hat and a pretty apron!<br>&gt; Show off your sweet bakery skills and win first prize in baking contests and cake fairs!<br>&gt; Get ready to bake the tastiest desserts ever, from apple yogurt smoothies to princess birthday cakes, to scrumptiously delicious cupcakes!<br>&gt; Build up your reputation and become the most famous baker in the world, in this fabulous sweet bakery story game!<br><br>&quot;To opt out of CrazyLabs sales of personal information as a California resident, please visit our Privacy Policy: https://crazylabs.com/app&quot;","‚Ç¨¬†0,89 - ‚Ç¨¬†8,99 per item",GAME_ROLE_PLAYING,86538278,50000000,Mon Jul 13 14:58:48 2020,1594636128,PEGI 12,49M,4.4 en hoger,1.1.5,0 USD,4.183554
36,https://lh3.googleusercontent.com/I88gDQip_nOyvN3Q9-7hK1UWdFxB1lRJ6ojWcXhK-TXfKlFJgNfyc3zYal1BRt23FQ,Pin Pull,https://play.google.com/store/apps/details?id=com.game.jam.hyper.pin&hl=nl&gl=nl,com.game.jam.hyper.pin,https://play.google.com/store/apps/dev?id=7607779422266139562,Gamejam,"YOU gotta SAVE YOURSELF, and GET to SAFETY! PIN your way to VICTORY! ESCAPE and SOLVE with that BIG BRAIN of yours! Watch out for ROBOT ANIMALS! ROAR! They are MALFUNCTIONING and going to DESTROY ALL HUMANS! The MAD SCIENTIST has gone TOO FAR! WHOA! Stay away from BOMBS! GET the GIRL of your DREAMS from EVIL MACHINES! Protect her from the THIEF and ESCAPE!<br><br>FEATURES:<br>BIG ROBO BEARS!<br>MECHANIZED TIGERS!<br>LAZER DUCKS!<br>EXPLOSIONS!!!!<br>BRAIN BOOSTING PUZZLES!<br>BIG BRAIN TIME!<br>MEGA PINS!<br>Compliments? Of course!",,GAME_PUZZLE,8385218,5000000,Thu Sep 24 08:04:08 2020,1600922048,PEGI 7,54M,4.4 en hoger,0.2.7,0 USD,3.8421743
37,https://lh3.googleusercontent.com/YFt8ytRZFP9ed-QORm_aFcnGXMMTQ51D3ShYCrH_46tMQ069cjwTmDrLhk9eyvjeOww,Draw Puzzle 2: One line one part,https://play.google.com/store/apps/details?id=com.weegoon.drawpuzzle2onelineonepart&hl=nl&gl=nl,com.weegoon.drawpuzzle2onelineonepart,https://play.google.com/store/apps/dev?id=8316470523921261984,WEEGOON,"Draw Puzzle 2: One line one part is a very funny and creative game, you will experience the puzzles combined with extremely smart and challenging strokes, this game will always make you happy and radiant on your face.<br>Let think and draw everything you like, you see and you feel to overcome puzzles. You can fall in the maze with love from the puzzles of the game.<br>Featured:<br>- Combination of puzzles and drawing.<br>- Simple and addictive.<br>- Fun and education suitable for all ages.<br>- Simple Gameplay, just touch and draw, everything depends on your thinking.<br>- Puzzles will enrich your imagination and your passion for discovery.<br>- The levels use stickman image close to life and very funny, help him explore and create his own world.<br>Are you ready to draw One line one part? Let&#39;s go!!!","‚Ç¨¬†2,09 per item",GAME_PUZZLE,3484958,1000000,Thu Oct  1 10:31:09 2020,1601535669,PEGI 3,62M,4.4 en hoger,1.2.7,0 USD,4.0018554
38,https://lh3.googleusercontent.com/HEq3yJKf-QXq0QbtstF_OHP20y2LjxTPLz2F2kNlDt2PVfmXyq-xtKG6jCz8F7a5JAXi,Color Me Happy!,https://play.google.com/store/apps/details?id=com.zenga.mypatience&hl=nl&gl=nl,com.zenga.mypatience,https://play.google.com/store/apps/dev?id=6990178528646658622,Lion Studios,"When life gets crazy, sometimes you just need something to relax to take your mind off of things. Color me happy will take you to your zen state and have you filling in beautiful and colorful pictures with magical gradient markers. <br><br>Never has the need for patience been so much fun. Sketch in between the lines and see your artistic skills come to life. The final pictures will leave you feeling satisfied. <br><br>Let‚Äôs grab that marker and start drawing and fill in that coloring book! Let‚Äôs see how artistic you really are!<br> <br> Game Features:<br><br>1. Simple but addicting mechanics<br>Feel the satisfaction without the hassle? The pictures are there for you. All you need to do is draw between the lines and see the fantastic colored images come to life. Take your time and relax, it‚Äôs that simple.<br><br>2. Develop your own coloring book<br>Keep the pictures coming. Whether it is a house, a zombie, or a cute design, there are so many coloring designs for you to draw. Save your art masterpieces in your very own color book to save your work.<br><br>3. Stay in the lines!<br>Oh no the picture got messed up! Don‚Äôt fret, you can always go back and re-do any pictures.<br><br>4. Feel the experience<br>Feel every stroke with the best haptics experience there is.<br><br>                                                                                                                                                                                                                                                                       <br>Whether you are a painter, a drawer, a designer, or a polisher, or you just like coloring, Color Me Happy is the game for you. This is the best and most rewarding and relaxing marker drawing simulation game there is. Good luck putting down Color Me Happy<br><br>Visit https://lionstudios.cc/contact-us/ if have any feedback, need help on beating a level or have any awesome ideas you would like to see in the game!<br><br>Follow us to get news and updates on our other Award Winning titles;<br>https://lionstudios.cc/<br>https://Facebook.com/LionStudios.cc<br>https://Instagram.com/LionStudioscc<br>https://Twitter.com/LionStudiosCC<br>https://Youtube.com/c/LionStudiosCC","‚Ç¨¬†2,19 - ‚Ç¨¬†3,29 per item",GAME_SIMULATION,6539081,5000000,Wed Sep 16 06:49:20 2020,1600222760,PEGI 12,Varieert per apparaat,Varieert per apparaat,Varieert per apparaat,0 USD,4.32605
39,https://lh3.googleusercontent.com/TcYL-TymjS4VGHV__icDZ-jtLbqyg5EDdAdm6FGZtdGFNZgZbQsIefviMSDYAwVtUQ,Sushi Bar Idle,https://play.google.com/store/apps/details?id=com.gpp.sushibar&hl=nl&gl=nl,com.gpp.sushibar,https://play.google.com/store/apps/dev?id=8867515009520278694,Green Panda Games,"LET&#39;S ROLL THE SUSHIS!<br>If you Unlock Chef SonGoku you&#39;re legally the Best Sushi Manager!<br><br>Always wanted to have your OWN SUSHI RESTAURANT? The time is NOW.<br>Open restaurants in the most ICONIC CITIES from around the world, and deliver DELICIOUS dishes to your customers.<br><br>- Unlock and upgrade FAMOUS chefs<br>- Cook CRAZY dishes<br>- Insane POWER-UPS to multiply your earnings!<br>- Become the RICHEST sushi master alive !!!<br><br>Will you become the ULTIMATE sushi bar tycoon ever known ???!!!Always wanted to have your OWN SUSHI RESTAURANT? The time is NOW.","‚Ç¨¬†1,09 - ‚Ç¨¬†119,99 per item",GAME_SIMULATION,18021989,10000000,Tue Sep 29 19:30:10 2020,1601395210,PEGI 3,80M,5.0 en hoger,2.6.3,0 USD,4.15088
40,https://lh3.googleusercontent.com/sJ_1YRw6boUVF17eRIiJc5_wkmeCBrSXmVn0WCRUECUxzpMMu8MOjd3ca5UD93MtT84c,Mother Simulator: Happy Virtual Family Life,https://play.google.com/store/apps/details?id=com.mothersimulator3d2&hl=nl&gl=nl,com.mothersimulator3d2,https://play.google.com/store/apps/dev?id=8389723122134420156,"Skytec Games, Inc.","Become a great housewife in this simulator of mother and family life! Combine housekeeping, cooking and family caring. Make all your virtual family happy and satisfied!<br><br>Keep your house clean and cozy. Chat with guests and treat them with strawberry cakes or slices of hot pizza. M-m-m, delicious! Take care of the dog and keep the house warm.<br><br>Open new doors and rooms in your house, where your virtual family can live. Explore and discover new ways to interact with family members.<br><br>This game is a realistic simulator in a big house. Here you can find more characters that need you and your assistance! Day after day you will face new activities, duties, funny situations and more. Will you handle with multitasking of mother‚Äôs and housewife‚Äôs everyday life?<br><br>Customize your character&#39;s appearance the way you like. We have plenty of hairstyles and colors, clothes and skins so feel free to experiment and have fun!<br><br>Participate in weekly challenges with unique rewards, where you will test your skills, prove you are worthy of the title ‚ÄúCool and clever mother‚Äù and make your virtual family be proud of you. We will be happy to hear about your achievements in mother simulator challenges!<br><br>Throw firewood into fireplace to keep your house warm or glide over the ice floor. Pet your dog. Listen to the music. Eat sushi or fresh fruits. Play. Make yourself a cup of coffee. Get angry when everything is going out of control, make another cup of coffee after calming down. Be concentrated, be lazy, be happy mother or be a devil mother. These are your rules, your virtual world and your virtual family!<br><br>What do we offer in ‚ÄúMother simulator: Family Life‚Äù game:<br>- Tons of skins and clothes;<br>- Fancy jewels for mother;<br>- Sensitive characters according to your actions;<br>- Big virtual family with their own needs and dreams;<br>- Simulator of mother duties and activities ‚Äì prepare yourself for a true family life;<br>- Weekly challenges with unique rewards and more.","‚Ç¨¬†2,29 - ‚Ç¨¬†10,99 per item",GAME_SIMULATION,6835155,5000000,Tue Sep  8 12:26:33 2020,1599551793,PEGI 3,51M,5.0 en hoger,1.4.5,0 USD,4.055099
41,https://lh3.googleusercontent.com/2KjwmtDNoVI5PLFruVFq24Y3yR36wGGA4YLhxFfd6Frp2O-YrFzYqhIxWleUdn9wMw,DOP: Draw One Part,https://play.google.com/store/apps/details?id=com.playstrom.drawonepart&hl=nl&gl=nl,com.playstrom.drawonepart,https://play.google.com/store/apps/developer?id=SayGames,SayGames,"DOP: Draw One Part- fun and tricky game, which refresh your mind and put a smile on your face!<br><br><br>It will make you feel both like genius and talented artist.Take you&#39;r time to think the puzzle over, then draw the solution. Vast range of riddles to draw: from common daily things to famous cultural reference.<br><br><br>Features:<br><br>- Unique gameplay brings you a cunning combination of logical puzzles and drawing.<br><br>- Fun and education for all ages- expand your general outlook with different riddles.<br><br>- Smooth and addictive gameplay<br><br>- Your finger is the pencil- draw the solution<br><br>- Unexpected and humorous pictures will make your day!<br><br>- Sketchy-looking game style will push you imagination and creativity<br><br><br>Challenge your attentiveness and develop drawing skills now!","‚Ç¨¬†2,19 per item",GAME_PUZZLE,38090858,10000000,Fri Jul 31 00:02:02 2020,1596137522,PEGI 3,120M,5.0 en hoger,1.1.3,0 USD,4.174119
42,https://lh3.googleusercontent.com/0K8iClx0fJT_3ahfufsfJrqJYzwp_5fCoLKbZZjxc_Rx2iOWDL1DoFP5USeNY-bqFRE,Cooking Sizzle: Master Chef,https://play.google.com/store/apps/details?id=com.abi.game.cooking.fever.chef&hl=nl&gl=nl,com.abi.game.cooking.fever.chef,https://play.google.com/store/apps/dev?id=7627571908184472902,ONESOFT,"With a wide choice of unique locations and restaurants from all over the world, you will be able to practice your skills in a variety of settings and cooking techniques. Use hundreds of delicious ingredients to cook the best quality dishes. Try all the possible kitchen appliances, from coffee makers and rice cookers to pizza ovens and popcorn makers. Make your own xfreebiescombos, such as cookies or cupcakes, to make your customers‚Äô experience more personal and memorable ‚Äì just like in real life! Upgrade your kitchen and produce an even greater variety of dishes.<br><br>Have fun cooking and don‚Äôt forget to share your delicious meals with your friends on Facebook!<br><br>Features:<br>* Thousands of delicious dishes to cook using hundreds of best quality ingredients<br>* Huge choice of world-famous cuisines<br>* More than 800 levels to complete<br>* Hundreds and hundreds of upgrades for your kitchen appliances and interior<br><br>IMPORTANT NOTE:<br>Cooking Sizzle requires access to the internet in order to play. The game uses a small amount of data for features like our daily rewards, restoring lost game progress, tournaments, challenges, and other gameplay improvements.","‚Ç¨¬†0,99 - ‚Ç¨¬†99,99 per item",GAME_SIMULATION,1455530,1000000,Wed Sep 23 11:54:14 2020,1600849454,PEGI 3,66M,4.1 en hoger,1.1.15,0 USD,4.467425
43,https://lh3.googleusercontent.com/lAxVgSoftzN3JOxHYXtfYQ6vfHfPFtC0Ab_WaUxaicnsygVvt7veyt2Q_0J0cIyoKg,Draw Around,https://play.google.com/store/apps/details?id=com.alex.da&hl=nl&gl=nl,com.alex.da,https://play.google.com/store/apps/developer?id=SayGames,SayGames,Use your finger to draw pictures. Don&#39;t simply break your pen and you&#39;ll be alright.<br><br>Prove your drawing skills with hundreds of handmade levels!<br><br>More levels are keep coming.,,GAME_CASUAL,13325480,10000000,Mon Jul 20 20:49:57 2020,1595261997,PEGI 12,50M,6.0 en hoger,1.2.0,0 USD,4.155073
44,https://lh3.googleusercontent.com/MZ07mjyaA6sdOd5nXn6A7JCLkEcBqTQx_ECMsBy6fiQQdSog_iPZpXU6G4Va0TYZGuc,Matching Puzzle 3D - Pair Match Game,https://play.google.com/store/apps/details?id=and.lihuhu.matching3d&hl=nl&gl=nl,and.lihuhu.matching3d,https://play.google.com/store/apps/dev?id=6065384627601645849,LIHUHU PTE. LTD.,"Matching Puzzle 3D is easy to play for everyone !<br>You need to match 3D objects on the ground and pop them all ! When you clear a level, you will find new objects to pair.<br><br>Polished pairs of animals, foods, school objects, house properties and much more to satisfying levels to pass with just onet the cards!<br><br>Sharpen your senses, search carefully and find the matching pairs in a mountain of objects before the time runs out!<br><br>Features:<br>- Fun to play,<br>- Awesome Graphics<br>- Challenging levels<br>- Beautiful Animations<br><br>Why play Matching Puzzle 3D:<br>- Play Match 3D free puzzle offline.<br>- The game is very relaxing.You can play at your own pace.<br>- Train your brain.The puzzle is not hard.<br><br>All you need to do is playing this connection based game with various 3D levels that separate it from all other games. It is a onnect tile matching pair game that is so easy that everyone can play it.","‚Ç¨¬†1,99 - ‚Ç¨¬†104,99 per item",GAME_PUZZLE,657178,500000,Tue Sep 22 13:26:17 2020,1600768577,PEGI 3,52M,5.0 en hoger,1.2.7,0 USD,4.251111
45,https://lh3.googleusercontent.com/CZrR3zIxlEjWxhI_bPcgpmpTGHcKjS7AvIhFQ0UwlvNpkR_Yi-vA_9V-5I2sjYK3qw,Tie Dye,https://play.google.com/store/apps/details?id=com.crazylabs.tie.dye.art&hl=nl&gl=nl,com.crazylabs.tie.dye.art,https://play.google.com/store/apps/developer?id=Crazy+Labs+by+TabTale,Crazy Labs by TabTale,"Live the hottest fashion summer trend! Tie Dye summer clothes and beach accessories!<br><br>T-shirts, bikinis, beach bags... you name it! Show off your creative DIY art skills while customizing the Tie Dye clothes to your liking.  Get requests from clients and paint clothes to your desire. Being creative isn‚Äôt hard: first tie, then dye! Unleash your DIY art skills and let the paint do the work!<br>Let the summer fun begin!<br><br>&quot;To opt out of CrazyLabs sales of personal information as a California resident, please visit our Privacy Policy: https://crazylabs.com/app&quot;",,GAME_SIMULATION,36139100,10000000,Tue Aug 18 14:42:07 2020,1597745527,PEGI 3,108M,4.4 en hoger,1.4.0,0 USD,3.912979
46,https://lh3.googleusercontent.com/s_kunqkNbzyDAD4-D5hAjbDjkEFA6A1sz9XUtywHq8_TX9LiAFQ9Z_rm9YvZPJA4OgDD,Clue Hunter,https://play.google.com/store/apps/details?id=com.zjcgame.cluehunter&hl=nl&gl=nl,com.zjcgame.cluehunter,https://play.google.com/store/apps/dev?id=6990178528646658622,Lion Studios,"Uh oh! Your client‚Äôs husband is suspected of cheating! What are you going to do? Sniff out the clues and prove that he‚Äôs a cheater once for all and collect that bounty money! $$$<br><br>With this addictive and hilarious game, you will have non stop fun inside trying to find out what happens next! Who knows, you might even be compelled to make a video out of it for the internet! Are you detective enough? Find out now.<br> <br> Game Features:<br><br><br>1.       Don‚Äôt get fooled!<br>Each level presents you with multiple choices - make the right answers to catch the cheater. Wrong answers will result in misery for your client. So sad.<br><br>2.       So many cases to solve!<br>When you aren‚Äôt helping find cheaters and liars, you‚Äôre solving other high stakes crimes! Can you solve them all?<br><br>3.        A fun time for everyone!<br>Everybody can play Clue Hunter. If you get stumped - ask for help from your friends and loved ones! No shame in doing anything necessary to solve these ridiculous puzzles.<br><br>4.        Simple and Addicting Gameplay<br>Once you start you will want to keep solving the different cases. The best detective game out there!<br><br>5. Can you find the ‚ÄúSave the Girl‚Äù girl?<br>Good luck!<br>                                                                                                                                                                                                                                                                      <br><br>Visit https://lionstudios.cc/contact-us/ if have any feedback, need help on beating a level or have any awesome ideas you would like to see in the game!<br><br>From the Studio that brought you Happy Glass, Flip Trickster and Love Balls!<br><br>Follow us to get news and updates on our other Award Winning titles;<br>https://lionstudios.cc/<br>Facebook.com/LionStudios.cc<br>Instagram.com/LionStudioscc<br>Twitter.com/LionStudiosCC<br>Youtube.com/c/LionStudiosCC","‚Ç¨¬†3,09 per item",GAME_PUZZLE,27639161,10000000,Fri Sep 25 20:31:05 2020,1601053265,PEGI 12,42M,4.4 en hoger,1.1.2,0 USD,3.8016284
47,https://lh3.googleusercontent.com/00LCpmRkon3bbhWi_cLn0NIoC39lXW_6bGeTtmc-kcJ-5OBY084EWn3y-NKL-fcv5nQ,Soap Cutting - Satisfying ASMR,https://play.google.com/store/apps/details?id=com.crazylabs.soap.cutting&hl=nl&gl=nl,com.crazylabs.soap.cutting,https://play.google.com/store/apps/developer?id=Crazy+Labs+by+TabTale,Crazy Labs by TabTale,"The most satisfying ASMR soap cutting game for antistress. You&#39;ve seen it in the videos and now you get to slice, cut, and shred some amazing soaps yourself while listening to relaxing sounds and getting a tingling ASMR sensation.<br><br>Besides the relaxing sounds and ASMR effect, there‚Äôs nothing more satisfying than getting to slice and shred soap when you‚Äôre feeling stressed, making Soap Cutting the #1 antistress game of the year.<br>The ultimate satisfaction that comes from slicing and shredding all the different types of soap is unlike anything else! If you‚Äôve never experienced ASMR or soap cutting, just wait - this game is the best antistress tool you could find. So what are you waiting for? Start slicing!<br> <br> <br>Game Features:<br>- Realistic soap cutting<br>- Many different types of soaps. You will recognise them.<br>- Carve the soap<br>- Relaxing sounds<br> <br>Play now and start cutting!<br><br>&quot;To opt out of CrazyLabs sales of personal information as a California resident, please visit our Privacy Policy: https://crazylabs.com/app&quot;","‚Ç¨¬†1,79 per item",GAME_SIMULATION,36901509,10000000,Mon Jun 15 15:49:15 2020,1592219955,PEGI 3,158M,4.4 en hoger,3.02,0 USD,3.8372157
48,https://lh3.googleusercontent.com/fRS-Ow3k5dKfYiqGADN1J_iG236IV0lPLLadSlBBVX-PYui7hkKIFImsAaHDf9U_GA,DIY Fashion Star - Design Hacks Clothing Game,https://play.google.com/store/apps/details?id=com.cocoplay.diy.fashion&hl=nl&gl=nl,com.cocoplay.diy.fashion,https://play.google.com/store/apps/developer?id=Coco+Play+By+TabTale,Coco Play By TabTale,"Move over, DIY girls! There‚Äôs a new DIY Fashion Designer Queen in town - yes, that‚Äôs right - YOU!!! Jazz up your wardrobe with amazing stylish fashion design DIY projects! Dress up in your restyled outfits and show off your DIY fashion designer talent on your fashion design video channel - gain a huge fan base!<br><br>You‚Äôre about to blow the world away with all of your fabulously stylish DIY fashion design skills and get creative with superfun DIY dress up projects. Use your imagination and turn your ordinary clothes into OMG-to-die-for stylish DIY dress up outfits! Got a boring old blouse? Reshape it, style it, decorate it, and make it a trendy new tanktop! Take selfies with your stylish new clothes, outfits and fashion creations, and compete in selfie contests! Run your own fashion designer channel and post videos of your DIY outfits. Take clothes requests from your followers. <br><br>Features:<br>&gt; Complete awesome DIY fashion design dress up clothing projects - turn your boring old clothes into amazing new outfits!<br>&gt; Cut out patterns, sew on decorations, and add splashes of color onto your fashion designs!<br>&gt; Manage your very own DIY fashion designer dress up video channel. Upload videos of your creations and gain followers. <br>&gt; Get ready to take specific requests from your fans - if they like your new fashion videos, you‚Äôll get more likes. If they don‚Äôt‚Ä¶ you‚Äôll lose likes. So make sure you do a good job!<br>&gt; Take stylish selfies with your DIY fashion designer masterpieces and compete in selfie contests against other DIY-ers!<br>&gt; Use your camera to take pictures, and then add the pictures onto your fashion design DIY creations. Want to feature your cat on your DIY dress? Or to make a best friends t-shirt with you and your BFF on it? The possibilities are endless!<br>&gt; Get a stunning makeover to look extra pretty in your DIY clothes!<br><br>&quot;To opt out of CrazyLabs sales of personal information as a California resident, please visit our Privacy Policy: https://crazylabs.com/app&quot;","‚Ç¨¬†0,89 - ‚Ç¨¬†8,00 per item",GAME_ROLE_PLAYING,30995197,10000000,Mon Jul 13 14:57:21 2020,1594636041,PEGI 12,49M,4.4 en hoger,1.2.3,0 USD,3.8682842
49,https://lh3.googleusercontent.com/Ql0vL9i9OiQvhM5uDG1gFC-ntEdLexyU9Lx4nBYwVru2yU7XyYjQ8MEaNMOR3EPjog,Perfect Ironing,https://play.google.com/store/apps/details?id=com.playgendary.perfectironing&hl=nl&gl=nl,com.playgendary.perfectironing,https://play.google.com/store/apps/dev?id=4614678246860437532,Playgendary Limited,Like to iron and make clothes tidier? Hold the iron and smooth the wrinkles in our relaxing game! Go through exciting levels and make the world a little smoother.,"‚Ç¨¬†2,29 per item",GAME_ARCADE,23142457,10000000,Tue Sep 22 14:52:14 2020,1600773734,PEGI 3,59M,5.0 en hoger,1.1.8,0 USD,4.163581
